{"cameraMode":{"drawMode":0,"name":"Shaded","section":"Shading Mode"},"sceneLighting":false,"audioPlay":false,"sceneViewState":{"m_AlwaysRefresh":false,"showFog":true,"showSkybox":true,"showFlares":true,"showImageEffects":true,"showParticleSystems":true,"showVisualEffectGraphs":true,"m_FxEnabled":true},"in2DMode":false,"pivot":{"x":0.010748869739472866,"y":0.16237176954746247,"z":-0.5981593132019043},"rotation":{"x":0.0015904272440820933,"y":-0.9892311096191406,"z":0.14648520946502686,"w":0.01100517064332962},"size":0.9176384210586548,"orthographic":false}