{"cameraMode":{"drawMode":0,"name":"Shaded","section":"Shading Mode"},"sceneLighting":false,"audioPlay":false,"sceneViewState":{"m_AlwaysRefresh":false,"showFog":true,"showSkybox":true,"showFlares":true,"showImageEffects":true,"showParticleSystems":true,"showVisualEffectGraphs":true,"m_FxEnabled":true},"in2DMode":false,"pivot":{"x":0.46392589807510378,"y":-0.12680795788764954,"z":0.6109491586685181},"rotation":{"x":0.005903039127588272,"y":-0.9624824523925781,"z":0.270744264125824,"w":0.02110883593559265},"size":0.7785474061965942,"orthographic":false}