{"cameraMode":{"drawMode":0,"name":"Shaded","section":"Shading Mode"},"sceneLighting":false,"audioPlay":false,"sceneViewState":{"m_AlwaysRefresh":false,"showFog":true,"showSkybox":true,"showFlares":true,"showImageEffects":true,"showParticleSystems":true,"showVisualEffectGraphs":true,"m_FxEnabled":true},"in2DMode":false,"pivot":{"x":-0.0070542097091674809,"y":0.3014286756515503,"z":0.0405573844909668},"rotation":{"x":-0.003419511951506138,"y":-0.995192289352417,"z":0.09162574261426926,"w":-0.03671698272228241},"size":0.7930589914321899,"orthographic":false}