{"cameraMode":{"drawMode":0,"name":"Shaded","section":"Shading Mode"},"sceneLighting":false,"audioPlay":false,"sceneViewState":{"m_AlwaysRefresh":false,"showFog":true,"showSkybox":true,"showFlares":true,"showImageEffects":true,"showParticleSystems":true,"showVisualEffectGraphs":true,"m_FxEnabled":true},"in2DMode":false,"pivot":{"x":0.09124518930912018,"y":0.22773075103759767,"z":0.05527807027101517},"rotation":{"x":-0.004763841163367033,"y":-0.9920494556427002,"z":0.1202341839671135,"w":-0.03898430988192558},"size":0.8338773846626282,"orthographic":false}